"","V1","V8","variable","value","uniqueID","col"
"1","EK17990","E. discolor","inHull_All_1","FALSE",1,"no assignment"
"2","EK18727","E. discolor","inHull_All_1","FALSE",2,"no assignment"
"3","FZ83","E. discolor","inHull_All_1","FALSE",3,"no assignment"
"4","FZ84","E. discolor","inHull_All_1","FALSE",4,"no assignment"
"5","JC13460","E. discolor","inHull_All_1","FALSE",5,"no assignment"
"6","AC13359","E. paniculata","inHull_All_1","FALSE",6,"no assignment"
"7","AG48084","E. paniculata","inHull_All_1","FALSE",7,"no assignment"
"8","AN394","E. paniculata","inHull_All_1","FALSE",8,"no assignment"
"9","AS14179","E. paniculata","inHull_All_1","FALSE",9,"no assignment"
"10","BH18666","E. paniculata","inHull_All_1","FALSE",10,"no assignment"
"11","BH6180","E. paniculata","inHull_All_1","FALSE",11,"no assignment"
"12","BR7415","E. paniculata","inHull_All_1","FALSE",12,"no assignment"
"13","CD9839","E. paniculata","inHull_All_1","FALSE",13,"no assignment"
"14","CR1019","E. paniculata","inHull_All_1","FALSE",14,"no assignment"
"15","DB56","E. paniculata","inHull_All_1","FALSE",15,"no assignment"
"16","DN14917","E. paniculata","inHull_All_1","FALSE",16,"no assignment"
"17","EK17141","E. paniculata","inHull_All_1","FALSE",17,"no assignment"
"18","EK20578","E. paniculata","inHull_All_1","FALSE",18,"no assignment"
"19","EP5779","E. paniculata","inHull_All_1","FALSE",19,"no assignment"
"20","FZ200","E. paniculata","inHull_All_1","FALSE",20,"no assignment"
"21","FZ203","E. paniculata","inHull_All_1","FALSE",21,"no assignment"
"22","FZ204","E. paniculata","inHull_All_1","FALSE",22,"no assignment"
"23","FZ245","E. paniculata","inHull_All_1","FALSE",23,"no assignment"
"24","FZ246","E. paniculata","inHull_All_1","FALSE",24,"no assignment"
"25","FZ247","E. paniculata","inHull_All_1","FALSE",25,"no assignment"
"26","FZ248","E. paniculata","inHull_All_1","FALSE",26,"no assignment"
"27","FZ254","E. paniculata","inHull_All_1","FALSE",27,"no assignment"
"28","FZ267","E. paniculata","inHull_All_1","FALSE",28,"no assignment"
"29","FZ269","E. paniculata","inHull_All_1","FALSE",29,"no assignment"
"30","FZ270","E. paniculata","inHull_All_1","FALSE",30,"no assignment"
"31","FZ271","E. paniculata","inHull_All_1","FALSE",31,"no assignment"
"32","FZ272","E. paniculata","inHull_All_1","FALSE",32,"no assignment"
"33","GC1765","E. paniculata","inHull_All_1","FALSE",33,"no assignment"
"34","GD19829","E. paniculata","inHull_All_1","FALSE",34,"no assignment"
"35","GL2651","E. paniculata","inHull_All_1","FALSE",35,"no assignment"
"36","HG12283","E. paniculata","inHull_All_1","FALSE",36,"no assignment"
"37","HS1748","E. paniculata","inHull_All_1","FALSE",37,"no assignment"
"38","Hv_8023","E. paniculata","inHull_All_1","FALSE",38,"no assignment"
"39","HV4434","E. paniculata","inHull_All_1","FALSE",39,"no assignment"
"40","Hv8197","E. paniculata","inHull_All_1","FALSE",40,"no assignment"
"41","IS4929","E. paniculata","inHull_All_1","FALSE",41,"no assignment"
"42","JC28192","E. paniculata","inHull_All_1","FALSE",42,"no assignment"
"43","JH1146","E. paniculata","inHull_All_1","FALSE",43,"no assignment"
"44","JP2912","E. paniculata","inHull_All_1","FALSE",44,"no assignment"
"45","JS10701","E. paniculata","inHull_All_1","FALSE",45,"no assignment"
"46","JS127754","E. paniculata","inHull_All_1","FALSE",46,"no assignment"
"47","JS18731","E. paniculata","inHull_All_1","FALSE",47,"no assignment"
"48","JT2968","E. paniculata","inHull_All_1","FALSE",48,"no assignment"
"49","JW11465","E. paniculata","inHull_All_1","FALSE",49,"no assignment"
"50","JW594","E. paniculata","inHull_All_1","FALSE",50,"no assignment"
"51","KV5689","E. paniculata","inHull_All_1","FALSE",51,"no assignment"
"52","KY4092","E. paniculata","inHull_All_1","FALSE",52,"no assignment"
"53","LH18441","E. paniculata","inHull_All_1","FALSE",53,"no assignment"
"54","LU4163","E. paniculata","inHull_All_1","FALSE",54,"no assignment"
"55","MC1182","E. paniculata","inHull_All_1","FALSE",55,"no assignment"
"56","MD2620","E. paniculata","inHull_All_1","FALSE",56,"no assignment"
"57","MW2000/891","E. paniculata","inHull_All_1","FALSE",57,"no assignment"
"58","PA6612","E. paniculata","inHull_All_1","FALSE",58,"no assignment"
"59","PHV6683","E. paniculata","inHull_All_1","FALSE",59,"no assignment"
"60","PJ169","E. paniculata","inHull_All_1","FALSE",60,"no assignment"
"61","RK541","E. paniculata","inHull_All_1","FALSE",61,"no assignment"
"62","RR3379","E. paniculata","inHull_All_1","FALSE",62,"no assignment"
"63","RV25391","E. paniculata","inHull_All_1","FALSE",63,"no assignment"
"64","SY359","E. paniculata","inHull_All_1","FALSE",64,"no assignment"
"65","TC21834","E. paniculata","inHull_All_1","FALSE",65,"no assignment"
"66","VZ2355","E. paniculata","inHull_All_1","FALSE",66,"no assignment"
"67","AS10370","E. piurensis","inHull_All_1","FALSE",67,"no assignment"
"68","AS3821","E. piurensis","inHull_All_1","FALSE",68,"no assignment"
"69","FZ211","E. piurensis","inHull_All_1","FALSE",69,"no assignment"
"70","FZ236","E. piurensis","inHull_All_1","FALSE",70,"no assignment"
"71","FZ239","E. piurensis","inHull_All_1","FALSE",71,"no assignment"
"72","FZ240","E. piurensis","inHull_All_1","FALSE",72,"no assignment"
"73","SL123","E. piurensis","inHull_All_1","FALSE",73,"no assignment"
"74","AG23305","E. resinosa","inHull_All_1","FALSE",74,"no assignment"
"75","CD5089","E. resinosa","inHull_All_1","FALSE",75,"no assignment"
"76","CO527","E. resinosa","inHull_All_1","FALSE",76,"no assignment"
"77","CP1050","E. resinosa","inHull_All_1","FALSE",77,"no assignment"
"78","DS10236","E. resinosa","inHull_All_1","FALSE",78,"no assignment"
"79","DS10599","E. resinosa","inHull_All_1","FALSE",79,"no assignment"
"80","DS10955","E. resinosa","inHull_All_1","FALSE",80,"no assignment"
"81","DS3356","E. resinosa","inHull_All_1","FALSE",81,"no assignment"
"82","EB572","E. resinosa","inHull_All_1","FALSE",82,"no assignment"
"83","EBB6926","E. resinosa","inHull_All_1","FALSE",83,"no assignment"
"84","FP14405","E. resinosa","inHull_All_1","FALSE",84,"no assignment"
"85","FW5273","E. resinosa","inHull_All_1","FALSE",85,"no assignment"
"86","FZ163","E. resinosa","inHull_All_1","FALSE",86,"no assignment"
"87","FZ165","E. resinosa","inHull_All_1","FALSE",87,"no assignment"
"88","FZ167","E. resinosa","inHull_All_1","FALSE",88,"no assignment"
"89","FZ174","E. resinosa","inHull_All_1","FALSE",89,"no assignment"
"90","FZ180","E. resinosa","inHull_All_1","FALSE",90,"no assignment"
"91","FZ182","E. resinosa","inHull_All_1","FALSE",91,"no assignment"
"92","FZ183","E. resinosa","inHull_All_1","FALSE",92,"no assignment"
"93","FZ191","E. resinosa","inHull_All_1","FALSE",93,"no assignment"
"94","FZ205","E. resinosa","inHull_All_1","FALSE",94,"no assignment"
"95","FZ287","E. resinosa","inHull_All_1","FALSE",95,"no assignment"
"96","FZ310","E. resinosa","inHull_All_1","FALSE",96,"no assignment"
"97","HS10647","E. resinosa","inHull_All_1","FALSE",97,"no assignment"
"98","JS15148","E. resinosa","inHull_All_1","FALSE",98,"no assignment"
"99","JS15923","E. resinosa","inHull_All_1","FALSE",99,"no assignment"
"100","JW7805","E. resinosa","inHull_All_1","FALSE",100,"no assignment"
"101","MC4122","E. resinosa","inHull_All_1","FALSE",101,"no assignment"
"102","ML35050","E. resinosa","inHull_All_1","FALSE",102,"no assignment"
"103","ML37126","E. resinosa","inHull_All_1","FALSE",103,"no assignment"
"104","MM2032","E. resinosa","inHull_All_1","FALSE",104,"no assignment"
"105","NA763","E. resinosa","inHull_All_1","FALSE",105,"no assignment"
"106","NR751","E. resinosa","inHull_All_1","FALSE",106,"no assignment"
"107","AJ3357","E. reticulata","inHull_All_1","FALSE",107,"no assignment"
"108","AL360","E. reticulata","inHull_All_1","FALSE",108,"no assignment"
"109","FZ299","E. reticulata","inHull_All_1","FALSE",109,"no assignment"
"110","GH2022","E. reticulata","inHull_All_1","FALSE",110,"no assignment"
"111","IV1724","E. reticulata","inHull_All_1","FALSE",111,"no assignment"
"112","IV745","E. reticulata","inHull_All_1","FALSE",112,"no assignment"
"113","JS8203","E. reticulata","inHull_All_1","FALSE",113,"no assignment"
"114","MS4032","E. reticulata","inHull_All_1","FALSE",114,"no assignment"
"115","MS4946","E. reticulata","inHull_All_1","FALSE",115,"no assignment"
"116","RB19296","E. reticulata","inHull_All_1","FALSE",116,"no assignment"
"117","SB9811","E. reticulata","inHull_All_1","FALSE",117,"no assignment"
"118","FV7657","E. schreiteri","inHull_All_1","FALSE",118,"no assignment"
"119","FZ292","E. schreiteri","inHull_All_1","FALSE",119,"no assignment"
"120","FZ312","E. schreiteri","inHull_All_1","FALSE",120,"no assignment"
"121","FZ313","E. schreiteri","inHull_All_1","FALSE",121,"no assignment"
"122","FZ314","E. schreiteri","inHull_All_1","FALSE",122,"no assignment"
"123","JS10947","E. schreiteri","inHull_All_1","FALSE",123,"no assignment"
"124","JS8624","E. schreiteri","inHull_All_1","FALSE",124,"no assignment"
"125","LN3807","E. schreiteri","inHull_All_1","FALSE",125,"no assignment"
"126","MC5281","E. schreiteri","inHull_All_1","FALSE",126,"no assignment"
"127","NL58","E. schreiteri","inHull_All_1","FALSE",127,"no assignment"
"128","SB9352","E. schreiteri","inHull_All_1","FALSE",128,"no assignment"
"129","WB6793","E. schreiteri","inHull_All_1","FALSE",129,"no assignment"
"130","WR1529","E. schreiteri","inHull_All_1","FALSE",130,"no assignment"
"131","EK17990","E. discolor","inHull_All_2","FALSE",1,"no assignment"
"132","EK18727","E. discolor","inHull_All_2","FALSE",2,"no assignment"
"133","FZ83","E. discolor","inHull_All_2","FALSE",3,"no assignment"
"134","FZ84","E. discolor","inHull_All_2","FALSE",4,"no assignment"
"135","JC13460","E. discolor","inHull_All_2","FALSE",5,"no assignment"
"136","AC13359","E. paniculata","inHull_All_2","FALSE",6,"no assignment"
"137","AG48084","E. paniculata","inHull_All_2","FALSE",7,"no assignment"
"138","AN394","E. paniculata","inHull_All_2","FALSE",8,"no assignment"
"139","AS14179","E. paniculata","inHull_All_2","FALSE",9,"no assignment"
"140","BH18666","E. paniculata","inHull_All_2","FALSE",10,"no assignment"
"141","BH6180","E. paniculata","inHull_All_2","FALSE",11,"no assignment"
"142","BR7415","E. paniculata","inHull_All_2","FALSE",12,"no assignment"
"143","CD9839","E. paniculata","inHull_All_2","FALSE",13,"no assignment"
"144","CR1019","E. paniculata","inHull_All_2","FALSE",14,"no assignment"
"145","DB56","E. paniculata","inHull_All_2","FALSE",15,"no assignment"
"146","DN14917","E. paniculata","inHull_All_2","FALSE",16,"no assignment"
"147","EK17141","E. paniculata","inHull_All_2","FALSE",17,"no assignment"
"148","EK20578","E. paniculata","inHull_All_2","FALSE",18,"no assignment"
"149","EP5779","E. paniculata","inHull_All_2","FALSE",19,"no assignment"
"150","FZ200","E. paniculata","inHull_All_2","FALSE",20,"no assignment"
"151","FZ203","E. paniculata","inHull_All_2","FALSE",21,"no assignment"
"152","FZ204","E. paniculata","inHull_All_2","FALSE",22,"no assignment"
"153","FZ245","E. paniculata","inHull_All_2","TRUE",23,"assignment"
"154","FZ246","E. paniculata","inHull_All_2","FALSE",24,"no assignment"
"155","FZ247","E. paniculata","inHull_All_2","FALSE",25,"no assignment"
"156","FZ248","E. paniculata","inHull_All_2","FALSE",26,"no assignment"
"157","FZ254","E. paniculata","inHull_All_2","FALSE",27,"no assignment"
"158","FZ267","E. paniculata","inHull_All_2","FALSE",28,"no assignment"
"159","FZ269","E. paniculata","inHull_All_2","FALSE",29,"no assignment"
"160","FZ270","E. paniculata","inHull_All_2","FALSE",30,"no assignment"
"161","FZ271","E. paniculata","inHull_All_2","FALSE",31,"no assignment"
"162","FZ272","E. paniculata","inHull_All_2","FALSE",32,"no assignment"
"163","GC1765","E. paniculata","inHull_All_2","FALSE",33,"no assignment"
"164","GD19829","E. paniculata","inHull_All_2","FALSE",34,"no assignment"
"165","GL2651","E. paniculata","inHull_All_2","FALSE",35,"no assignment"
"166","HG12283","E. paniculata","inHull_All_2","FALSE",36,"no assignment"
"167","HS1748","E. paniculata","inHull_All_2","FALSE",37,"no assignment"
"168","Hv_8023","E. paniculata","inHull_All_2","FALSE",38,"no assignment"
"169","HV4434","E. paniculata","inHull_All_2","FALSE",39,"no assignment"
"170","Hv8197","E. paniculata","inHull_All_2","FALSE",40,"no assignment"
"171","IS4929","E. paniculata","inHull_All_2","FALSE",41,"no assignment"
"172","JC28192","E. paniculata","inHull_All_2","FALSE",42,"no assignment"
"173","JH1146","E. paniculata","inHull_All_2","FALSE",43,"no assignment"
"174","JP2912","E. paniculata","inHull_All_2","FALSE",44,"no assignment"
"175","JS10701","E. paniculata","inHull_All_2","FALSE",45,"no assignment"
"176","JS127754","E. paniculata","inHull_All_2","FALSE",46,"no assignment"
"177","JS18731","E. paniculata","inHull_All_2","FALSE",47,"no assignment"
"178","JT2968","E. paniculata","inHull_All_2","FALSE",48,"no assignment"
"179","JW11465","E. paniculata","inHull_All_2","FALSE",49,"no assignment"
"180","JW594","E. paniculata","inHull_All_2","FALSE",50,"no assignment"
"181","KV5689","E. paniculata","inHull_All_2","FALSE",51,"no assignment"
"182","KY4092","E. paniculata","inHull_All_2","FALSE",52,"no assignment"
"183","LH18441","E. paniculata","inHull_All_2","FALSE",53,"no assignment"
"184","LU4163","E. paniculata","inHull_All_2","FALSE",54,"no assignment"
"185","MC1182","E. paniculata","inHull_All_2","FALSE",55,"no assignment"
"186","MD2620","E. paniculata","inHull_All_2","FALSE",56,"no assignment"
"187","MW2000/891","E. paniculata","inHull_All_2","FALSE",57,"no assignment"
"188","PA6612","E. paniculata","inHull_All_2","FALSE",58,"no assignment"
"189","PHV6683","E. paniculata","inHull_All_2","FALSE",59,"no assignment"
"190","PJ169","E. paniculata","inHull_All_2","FALSE",60,"no assignment"
"191","RK541","E. paniculata","inHull_All_2","FALSE",61,"no assignment"
"192","RR3379","E. paniculata","inHull_All_2","FALSE",62,"no assignment"
"193","RV25391","E. paniculata","inHull_All_2","FALSE",63,"no assignment"
"194","SY359","E. paniculata","inHull_All_2","FALSE",64,"no assignment"
"195","TC21834","E. paniculata","inHull_All_2","FALSE",65,"no assignment"
"196","VZ2355","E. paniculata","inHull_All_2","FALSE",66,"no assignment"
"197","AS10370","E. piurensis","inHull_All_2","FALSE",67,"no assignment"
"198","AS3821","E. piurensis","inHull_All_2","FALSE",68,"no assignment"
"199","FZ211","E. piurensis","inHull_All_2","TRUE",69,"assignment"
"200","FZ236","E. piurensis","inHull_All_2","FALSE",70,"no assignment"
"201","FZ239","E. piurensis","inHull_All_2","FALSE",71,"no assignment"
"202","FZ240","E. piurensis","inHull_All_2","FALSE",72,"no assignment"
"203","SL123","E. piurensis","inHull_All_2","FALSE",73,"no assignment"
"204","AG23305","E. resinosa","inHull_All_2","FALSE",74,"no assignment"
"205","CD5089","E. resinosa","inHull_All_2","FALSE",75,"no assignment"
"206","CO527","E. resinosa","inHull_All_2","FALSE",76,"no assignment"
"207","CP1050","E. resinosa","inHull_All_2","FALSE",77,"no assignment"
"208","DS10236","E. resinosa","inHull_All_2","FALSE",78,"no assignment"
"209","DS10599","E. resinosa","inHull_All_2","FALSE",79,"no assignment"
"210","DS10955","E. resinosa","inHull_All_2","FALSE",80,"no assignment"
"211","DS3356","E. resinosa","inHull_All_2","FALSE",81,"no assignment"
"212","EB572","E. resinosa","inHull_All_2","FALSE",82,"no assignment"
"213","EBB6926","E. resinosa","inHull_All_2","FALSE",83,"no assignment"
"214","FP14405","E. resinosa","inHull_All_2","FALSE",84,"no assignment"
"215","FW5273","E. resinosa","inHull_All_2","FALSE",85,"no assignment"
"216","FZ163","E. resinosa","inHull_All_2","FALSE",86,"no assignment"
"217","FZ165","E. resinosa","inHull_All_2","FALSE",87,"no assignment"
"218","FZ167","E. resinosa","inHull_All_2","FALSE",88,"no assignment"
"219","FZ174","E. resinosa","inHull_All_2","FALSE",89,"no assignment"
"220","FZ180","E. resinosa","inHull_All_2","FALSE",90,"no assignment"
"221","FZ182","E. resinosa","inHull_All_2","FALSE",91,"no assignment"
"222","FZ183","E. resinosa","inHull_All_2","FALSE",92,"no assignment"
"223","FZ191","E. resinosa","inHull_All_2","FALSE",93,"no assignment"
"224","FZ205","E. resinosa","inHull_All_2","FALSE",94,"no assignment"
"225","FZ287","E. resinosa","inHull_All_2","FALSE",95,"no assignment"
"226","FZ310","E. resinosa","inHull_All_2","FALSE",96,"no assignment"
"227","HS10647","E. resinosa","inHull_All_2","FALSE",97,"no assignment"
"228","JS15148","E. resinosa","inHull_All_2","FALSE",98,"no assignment"
"229","JS15923","E. resinosa","inHull_All_2","FALSE",99,"no assignment"
"230","JW7805","E. resinosa","inHull_All_2","FALSE",100,"no assignment"
"231","MC4122","E. resinosa","inHull_All_2","FALSE",101,"no assignment"
"232","ML35050","E. resinosa","inHull_All_2","FALSE",102,"no assignment"
"233","ML37126","E. resinosa","inHull_All_2","FALSE",103,"no assignment"
"234","MM2032","E. resinosa","inHull_All_2","FALSE",104,"no assignment"
"235","NA763","E. resinosa","inHull_All_2","FALSE",105,"no assignment"
"236","NR751","E. resinosa","inHull_All_2","FALSE",106,"no assignment"
"237","AJ3357","E. reticulata","inHull_All_2","FALSE",107,"no assignment"
"238","AL360","E. reticulata","inHull_All_2","FALSE",108,"no assignment"
"239","FZ299","E. reticulata","inHull_All_2","FALSE",109,"no assignment"
"240","GH2022","E. reticulata","inHull_All_2","FALSE",110,"no assignment"
"241","IV1724","E. reticulata","inHull_All_2","FALSE",111,"no assignment"
"242","IV745","E. reticulata","inHull_All_2","FALSE",112,"no assignment"
"243","JS8203","E. reticulata","inHull_All_2","FALSE",113,"no assignment"
"244","MS4032","E. reticulata","inHull_All_2","FALSE",114,"no assignment"
"245","MS4946","E. reticulata","inHull_All_2","FALSE",115,"no assignment"
"246","RB19296","E. reticulata","inHull_All_2","FALSE",116,"no assignment"
"247","SB9811","E. reticulata","inHull_All_2","FALSE",117,"no assignment"
"248","FV7657","E. schreiteri","inHull_All_2","FALSE",118,"no assignment"
"249","FZ292","E. schreiteri","inHull_All_2","FALSE",119,"no assignment"
"250","FZ312","E. schreiteri","inHull_All_2","FALSE",120,"no assignment"
"251","FZ313","E. schreiteri","inHull_All_2","FALSE",121,"no assignment"
"252","FZ314","E. schreiteri","inHull_All_2","FALSE",122,"no assignment"
"253","JS10947","E. schreiteri","inHull_All_2","FALSE",123,"no assignment"
"254","JS8624","E. schreiteri","inHull_All_2","FALSE",124,"no assignment"
"255","LN3807","E. schreiteri","inHull_All_2","FALSE",125,"no assignment"
"256","MC5281","E. schreiteri","inHull_All_2","FALSE",126,"no assignment"
"257","NL58","E. schreiteri","inHull_All_2","FALSE",127,"no assignment"
"258","SB9352","E. schreiteri","inHull_All_2","FALSE",128,"no assignment"
"259","WB6793","E. schreiteri","inHull_All_2","FALSE",129,"no assignment"
"260","WR1529","E. schreiteri","inHull_All_2","FALSE",130,"no assignment"
"261","EK17990","E. discolor","inHull_All_3","FALSE",1,"no assignment"
"262","EK18727","E. discolor","inHull_All_3","FALSE",2,"no assignment"
"263","FZ83","E. discolor","inHull_All_3","FALSE",3,"no assignment"
"264","FZ84","E. discolor","inHull_All_3","FALSE",4,"no assignment"
"265","JC13460","E. discolor","inHull_All_3","FALSE",5,"no assignment"
"266","AC13359","E. paniculata","inHull_All_3","FALSE",6,"no assignment"
"267","AG48084","E. paniculata","inHull_All_3","FALSE",7,"no assignment"
"268","AN394","E. paniculata","inHull_All_3","FALSE",8,"no assignment"
"269","AS14179","E. paniculata","inHull_All_3","FALSE",9,"no assignment"
"270","BH18666","E. paniculata","inHull_All_3","FALSE",10,"no assignment"
"271","BH6180","E. paniculata","inHull_All_3","FALSE",11,"no assignment"
"272","BR7415","E. paniculata","inHull_All_3","FALSE",12,"no assignment"
"273","CD9839","E. paniculata","inHull_All_3","FALSE",13,"no assignment"
"274","CR1019","E. paniculata","inHull_All_3","FALSE",14,"no assignment"
"275","DB56","E. paniculata","inHull_All_3","FALSE",15,"no assignment"
"276","DN14917","E. paniculata","inHull_All_3","FALSE",16,"no assignment"
"277","EK17141","E. paniculata","inHull_All_3","FALSE",17,"no assignment"
"278","EK20578","E. paniculata","inHull_All_3","FALSE",18,"no assignment"
"279","EP5779","E. paniculata","inHull_All_3","FALSE",19,"no assignment"
"280","FZ200","E. paniculata","inHull_All_3","FALSE",20,"no assignment"
"281","FZ203","E. paniculata","inHull_All_3","FALSE",21,"no assignment"
"282","FZ204","E. paniculata","inHull_All_3","FALSE",22,"no assignment"
"283","FZ245","E. paniculata","inHull_All_3","FALSE",23,"no assignment"
"284","FZ246","E. paniculata","inHull_All_3","FALSE",24,"no assignment"
"285","FZ247","E. paniculata","inHull_All_3","FALSE",25,"no assignment"
"286","FZ248","E. paniculata","inHull_All_3","FALSE",26,"no assignment"
"287","FZ254","E. paniculata","inHull_All_3","FALSE",27,"no assignment"
"288","FZ267","E. paniculata","inHull_All_3","FALSE",28,"no assignment"
"289","FZ269","E. paniculata","inHull_All_3","FALSE",29,"no assignment"
"290","FZ270","E. paniculata","inHull_All_3","FALSE",30,"no assignment"
"291","FZ271","E. paniculata","inHull_All_3","FALSE",31,"no assignment"
"292","FZ272","E. paniculata","inHull_All_3","FALSE",32,"no assignment"
"293","GC1765","E. paniculata","inHull_All_3","FALSE",33,"no assignment"
"294","GD19829","E. paniculata","inHull_All_3","FALSE",34,"no assignment"
"295","GL2651","E. paniculata","inHull_All_3","FALSE",35,"no assignment"
"296","HG12283","E. paniculata","inHull_All_3","FALSE",36,"no assignment"
"297","HS1748","E. paniculata","inHull_All_3","FALSE",37,"no assignment"
"298","Hv_8023","E. paniculata","inHull_All_3","FALSE",38,"no assignment"
"299","HV4434","E. paniculata","inHull_All_3","FALSE",39,"no assignment"
"300","Hv8197","E. paniculata","inHull_All_3","FALSE",40,"no assignment"
"301","IS4929","E. paniculata","inHull_All_3","FALSE",41,"no assignment"
"302","JC28192","E. paniculata","inHull_All_3","FALSE",42,"no assignment"
"303","JH1146","E. paniculata","inHull_All_3","FALSE",43,"no assignment"
"304","JP2912","E. paniculata","inHull_All_3","FALSE",44,"no assignment"
"305","JS10701","E. paniculata","inHull_All_3","FALSE",45,"no assignment"
"306","JS127754","E. paniculata","inHull_All_3","FALSE",46,"no assignment"
"307","JS18731","E. paniculata","inHull_All_3","FALSE",47,"no assignment"
"308","JT2968","E. paniculata","inHull_All_3","FALSE",48,"no assignment"
"309","JW11465","E. paniculata","inHull_All_3","FALSE",49,"no assignment"
"310","JW594","E. paniculata","inHull_All_3","FALSE",50,"no assignment"
"311","KV5689","E. paniculata","inHull_All_3","FALSE",51,"no assignment"
"312","KY4092","E. paniculata","inHull_All_3","FALSE",52,"no assignment"
"313","LH18441","E. paniculata","inHull_All_3","FALSE",53,"no assignment"
"314","LU4163","E. paniculata","inHull_All_3","FALSE",54,"no assignment"
"315","MC1182","E. paniculata","inHull_All_3","FALSE",55,"no assignment"
"316","MD2620","E. paniculata","inHull_All_3","FALSE",56,"no assignment"
"317","MW2000/891","E. paniculata","inHull_All_3","FALSE",57,"no assignment"
"318","PA6612","E. paniculata","inHull_All_3","FALSE",58,"no assignment"
"319","PHV6683","E. paniculata","inHull_All_3","FALSE",59,"no assignment"
"320","PJ169","E. paniculata","inHull_All_3","FALSE",60,"no assignment"
"321","RK541","E. paniculata","inHull_All_3","FALSE",61,"no assignment"
"322","RR3379","E. paniculata","inHull_All_3","FALSE",62,"no assignment"
"323","RV25391","E. paniculata","inHull_All_3","FALSE",63,"no assignment"
"324","SY359","E. paniculata","inHull_All_3","FALSE",64,"no assignment"
"325","TC21834","E. paniculata","inHull_All_3","FALSE",65,"no assignment"
"326","VZ2355","E. paniculata","inHull_All_3","FALSE",66,"no assignment"
"327","AS10370","E. piurensis","inHull_All_3","FALSE",67,"no assignment"
"328","AS3821","E. piurensis","inHull_All_3","FALSE",68,"no assignment"
"329","FZ211","E. piurensis","inHull_All_3","FALSE",69,"no assignment"
"330","FZ236","E. piurensis","inHull_All_3","FALSE",70,"no assignment"
"331","FZ239","E. piurensis","inHull_All_3","FALSE",71,"no assignment"
"332","FZ240","E. piurensis","inHull_All_3","FALSE",72,"no assignment"
"333","SL123","E. piurensis","inHull_All_3","FALSE",73,"no assignment"
"334","AG23305","E. resinosa","inHull_All_3","FALSE",74,"no assignment"
"335","CD5089","E. resinosa","inHull_All_3","FALSE",75,"no assignment"
"336","CO527","E. resinosa","inHull_All_3","FALSE",76,"no assignment"
"337","CP1050","E. resinosa","inHull_All_3","FALSE",77,"no assignment"
"338","DS10236","E. resinosa","inHull_All_3","FALSE",78,"no assignment"
"339","DS10599","E. resinosa","inHull_All_3","FALSE",79,"no assignment"
"340","DS10955","E. resinosa","inHull_All_3","FALSE",80,"no assignment"
"341","DS3356","E. resinosa","inHull_All_3","FALSE",81,"no assignment"
"342","EB572","E. resinosa","inHull_All_3","FALSE",82,"no assignment"
"343","EBB6926","E. resinosa","inHull_All_3","FALSE",83,"no assignment"
"344","FP14405","E. resinosa","inHull_All_3","FALSE",84,"no assignment"
"345","FW5273","E. resinosa","inHull_All_3","FALSE",85,"no assignment"
"346","FZ163","E. resinosa","inHull_All_3","FALSE",86,"no assignment"
"347","FZ165","E. resinosa","inHull_All_3","FALSE",87,"no assignment"
"348","FZ167","E. resinosa","inHull_All_3","FALSE",88,"no assignment"
"349","FZ174","E. resinosa","inHull_All_3","FALSE",89,"no assignment"
"350","FZ180","E. resinosa","inHull_All_3","FALSE",90,"no assignment"
"351","FZ182","E. resinosa","inHull_All_3","FALSE",91,"no assignment"
"352","FZ183","E. resinosa","inHull_All_3","FALSE",92,"no assignment"
"353","FZ191","E. resinosa","inHull_All_3","FALSE",93,"no assignment"
"354","FZ205","E. resinosa","inHull_All_3","FALSE",94,"no assignment"
"355","FZ287","E. resinosa","inHull_All_3","FALSE",95,"no assignment"
"356","FZ310","E. resinosa","inHull_All_3","FALSE",96,"no assignment"
"357","HS10647","E. resinosa","inHull_All_3","FALSE",97,"no assignment"
"358","JS15148","E. resinosa","inHull_All_3","FALSE",98,"no assignment"
"359","JS15923","E. resinosa","inHull_All_3","FALSE",99,"no assignment"
"360","JW7805","E. resinosa","inHull_All_3","FALSE",100,"no assignment"
"361","MC4122","E. resinosa","inHull_All_3","FALSE",101,"no assignment"
"362","ML35050","E. resinosa","inHull_All_3","FALSE",102,"no assignment"
"363","ML37126","E. resinosa","inHull_All_3","FALSE",103,"no assignment"
"364","MM2032","E. resinosa","inHull_All_3","FALSE",104,"no assignment"
"365","NA763","E. resinosa","inHull_All_3","FALSE",105,"no assignment"
"366","NR751","E. resinosa","inHull_All_3","FALSE",106,"no assignment"
"367","AJ3357","E. reticulata","inHull_All_3","FALSE",107,"no assignment"
"368","AL360","E. reticulata","inHull_All_3","FALSE",108,"no assignment"
"369","FZ299","E. reticulata","inHull_All_3","FALSE",109,"no assignment"
"370","GH2022","E. reticulata","inHull_All_3","FALSE",110,"no assignment"
"371","IV1724","E. reticulata","inHull_All_3","FALSE",111,"no assignment"
"372","IV745","E. reticulata","inHull_All_3","FALSE",112,"no assignment"
"373","JS8203","E. reticulata","inHull_All_3","FALSE",113,"no assignment"
"374","MS4032","E. reticulata","inHull_All_3","FALSE",114,"no assignment"
"375","MS4946","E. reticulata","inHull_All_3","FALSE",115,"no assignment"
"376","RB19296","E. reticulata","inHull_All_3","FALSE",116,"no assignment"
"377","SB9811","E. reticulata","inHull_All_3","FALSE",117,"no assignment"
"378","FV7657","E. schreiteri","inHull_All_3","FALSE",118,"no assignment"
"379","FZ292","E. schreiteri","inHull_All_3","FALSE",119,"no assignment"
"380","FZ312","E. schreiteri","inHull_All_3","FALSE",120,"no assignment"
"381","FZ313","E. schreiteri","inHull_All_3","FALSE",121,"no assignment"
"382","FZ314","E. schreiteri","inHull_All_3","FALSE",122,"no assignment"
"383","JS10947","E. schreiteri","inHull_All_3","FALSE",123,"no assignment"
"384","JS8624","E. schreiteri","inHull_All_3","FALSE",124,"no assignment"
"385","LN3807","E. schreiteri","inHull_All_3","FALSE",125,"no assignment"
"386","MC5281","E. schreiteri","inHull_All_3","FALSE",126,"no assignment"
"387","NL58","E. schreiteri","inHull_All_3","FALSE",127,"no assignment"
"388","SB9352","E. schreiteri","inHull_All_3","FALSE",128,"no assignment"
"389","WB6793","E. schreiteri","inHull_All_3","FALSE",129,"no assignment"
"390","WR1529","E. schreiteri","inHull_All_3","FALSE",130,"no assignment"
"391","EK17990","E. discolor","inHull_All_4","FALSE",1,"no assignment"
"392","EK18727","E. discolor","inHull_All_4","FALSE",2,"no assignment"
"393","FZ83","E. discolor","inHull_All_4","FALSE",3,"no assignment"
"394","FZ84","E. discolor","inHull_All_4","FALSE",4,"no assignment"
"395","JC13460","E. discolor","inHull_All_4","FALSE",5,"no assignment"
"396","AC13359","E. paniculata","inHull_All_4","FALSE",6,"no assignment"
"397","AG48084","E. paniculata","inHull_All_4","FALSE",7,"no assignment"
"398","AN394","E. paniculata","inHull_All_4","FALSE",8,"no assignment"
"399","AS14179","E. paniculata","inHull_All_4","FALSE",9,"no assignment"
"400","BH18666","E. paniculata","inHull_All_4","FALSE",10,"no assignment"
"401","BH6180","E. paniculata","inHull_All_4","FALSE",11,"no assignment"
"402","BR7415","E. paniculata","inHull_All_4","FALSE",12,"no assignment"
"403","CD9839","E. paniculata","inHull_All_4","FALSE",13,"no assignment"
"404","CR1019","E. paniculata","inHull_All_4","FALSE",14,"no assignment"
"405","DB56","E. paniculata","inHull_All_4","FALSE",15,"no assignment"
"406","DN14917","E. paniculata","inHull_All_4","FALSE",16,"no assignment"
"407","EK17141","E. paniculata","inHull_All_4","FALSE",17,"no assignment"
"408","EK20578","E. paniculata","inHull_All_4","FALSE",18,"no assignment"
"409","EP5779","E. paniculata","inHull_All_4","FALSE",19,"no assignment"
"410","FZ200","E. paniculata","inHull_All_4","FALSE",20,"no assignment"
"411","FZ203","E. paniculata","inHull_All_4","FALSE",21,"no assignment"
"412","FZ204","E. paniculata","inHull_All_4","FALSE",22,"no assignment"
"413","FZ245","E. paniculata","inHull_All_4","FALSE",23,"no assignment"
"414","FZ246","E. paniculata","inHull_All_4","FALSE",24,"no assignment"
"415","FZ247","E. paniculata","inHull_All_4","FALSE",25,"no assignment"
"416","FZ248","E. paniculata","inHull_All_4","FALSE",26,"no assignment"
"417","FZ254","E. paniculata","inHull_All_4","FALSE",27,"no assignment"
"418","FZ267","E. paniculata","inHull_All_4","FALSE",28,"no assignment"
"419","FZ269","E. paniculata","inHull_All_4","FALSE",29,"no assignment"
"420","FZ270","E. paniculata","inHull_All_4","FALSE",30,"no assignment"
"421","FZ271","E. paniculata","inHull_All_4","FALSE",31,"no assignment"
"422","FZ272","E. paniculata","inHull_All_4","FALSE",32,"no assignment"
"423","GC1765","E. paniculata","inHull_All_4","FALSE",33,"no assignment"
"424","GD19829","E. paniculata","inHull_All_4","FALSE",34,"no assignment"
"425","GL2651","E. paniculata","inHull_All_4","FALSE",35,"no assignment"
"426","HG12283","E. paniculata","inHull_All_4","FALSE",36,"no assignment"
"427","HS1748","E. paniculata","inHull_All_4","FALSE",37,"no assignment"
"428","Hv_8023","E. paniculata","inHull_All_4","FALSE",38,"no assignment"
"429","HV4434","E. paniculata","inHull_All_4","FALSE",39,"no assignment"
"430","Hv8197","E. paniculata","inHull_All_4","FALSE",40,"no assignment"
"431","IS4929","E. paniculata","inHull_All_4","FALSE",41,"no assignment"
"432","JC28192","E. paniculata","inHull_All_4","FALSE",42,"no assignment"
"433","JH1146","E. paniculata","inHull_All_4","FALSE",43,"no assignment"
"434","JP2912","E. paniculata","inHull_All_4","FALSE",44,"no assignment"
"435","JS10701","E. paniculata","inHull_All_4","FALSE",45,"no assignment"
"436","JS127754","E. paniculata","inHull_All_4","FALSE",46,"no assignment"
"437","JS18731","E. paniculata","inHull_All_4","FALSE",47,"no assignment"
"438","JT2968","E. paniculata","inHull_All_4","FALSE",48,"no assignment"
"439","JW11465","E. paniculata","inHull_All_4","FALSE",49,"no assignment"
"440","JW594","E. paniculata","inHull_All_4","FALSE",50,"no assignment"
"441","KV5689","E. paniculata","inHull_All_4","FALSE",51,"no assignment"
"442","KY4092","E. paniculata","inHull_All_4","FALSE",52,"no assignment"
"443","LH18441","E. paniculata","inHull_All_4","FALSE",53,"no assignment"
"444","LU4163","E. paniculata","inHull_All_4","FALSE",54,"no assignment"
"445","MC1182","E. paniculata","inHull_All_4","FALSE",55,"no assignment"
"446","MD2620","E. paniculata","inHull_All_4","FALSE",56,"no assignment"
"447","MW2000/891","E. paniculata","inHull_All_4","FALSE",57,"no assignment"
"448","PA6612","E. paniculata","inHull_All_4","FALSE",58,"no assignment"
"449","PHV6683","E. paniculata","inHull_All_4","FALSE",59,"no assignment"
"450","PJ169","E. paniculata","inHull_All_4","FALSE",60,"no assignment"
"451","RK541","E. paniculata","inHull_All_4","FALSE",61,"no assignment"
"452","RR3379","E. paniculata","inHull_All_4","FALSE",62,"no assignment"
"453","RV25391","E. paniculata","inHull_All_4","FALSE",63,"no assignment"
"454","SY359","E. paniculata","inHull_All_4","FALSE",64,"no assignment"
"455","TC21834","E. paniculata","inHull_All_4","FALSE",65,"no assignment"
"456","VZ2355","E. paniculata","inHull_All_4","FALSE",66,"no assignment"
"457","AS10370","E. piurensis","inHull_All_4","FALSE",67,"no assignment"
"458","AS3821","E. piurensis","inHull_All_4","FALSE",68,"no assignment"
"459","FZ211","E. piurensis","inHull_All_4","FALSE",69,"no assignment"
"460","FZ236","E. piurensis","inHull_All_4","FALSE",70,"no assignment"
"461","FZ239","E. piurensis","inHull_All_4","FALSE",71,"no assignment"
"462","FZ240","E. piurensis","inHull_All_4","FALSE",72,"no assignment"
"463","SL123","E. piurensis","inHull_All_4","FALSE",73,"no assignment"
"464","AG23305","E. resinosa","inHull_All_4","FALSE",74,"no assignment"
"465","CD5089","E. resinosa","inHull_All_4","FALSE",75,"no assignment"
"466","CO527","E. resinosa","inHull_All_4","FALSE",76,"no assignment"
"467","CP1050","E. resinosa","inHull_All_4","FALSE",77,"no assignment"
"468","DS10236","E. resinosa","inHull_All_4","FALSE",78,"no assignment"
"469","DS10599","E. resinosa","inHull_All_4","FALSE",79,"no assignment"
"470","DS10955","E. resinosa","inHull_All_4","FALSE",80,"no assignment"
"471","DS3356","E. resinosa","inHull_All_4","FALSE",81,"no assignment"
"472","EB572","E. resinosa","inHull_All_4","FALSE",82,"no assignment"
"473","EBB6926","E. resinosa","inHull_All_4","FALSE",83,"no assignment"
"474","FP14405","E. resinosa","inHull_All_4","FALSE",84,"no assignment"
"475","FW5273","E. resinosa","inHull_All_4","FALSE",85,"no assignment"
"476","FZ163","E. resinosa","inHull_All_4","FALSE",86,"no assignment"
"477","FZ165","E. resinosa","inHull_All_4","FALSE",87,"no assignment"
"478","FZ167","E. resinosa","inHull_All_4","FALSE",88,"no assignment"
"479","FZ174","E. resinosa","inHull_All_4","FALSE",89,"no assignment"
"480","FZ180","E. resinosa","inHull_All_4","FALSE",90,"no assignment"
"481","FZ182","E. resinosa","inHull_All_4","FALSE",91,"no assignment"
"482","FZ183","E. resinosa","inHull_All_4","FALSE",92,"no assignment"
"483","FZ191","E. resinosa","inHull_All_4","FALSE",93,"no assignment"
"484","FZ205","E. resinosa","inHull_All_4","FALSE",94,"no assignment"
"485","FZ287","E. resinosa","inHull_All_4","FALSE",95,"no assignment"
"486","FZ310","E. resinosa","inHull_All_4","FALSE",96,"no assignment"
"487","HS10647","E. resinosa","inHull_All_4","FALSE",97,"no assignment"
"488","JS15148","E. resinosa","inHull_All_4","FALSE",98,"no assignment"
"489","JS15923","E. resinosa","inHull_All_4","FALSE",99,"no assignment"
"490","JW7805","E. resinosa","inHull_All_4","FALSE",100,"no assignment"
"491","MC4122","E. resinosa","inHull_All_4","FALSE",101,"no assignment"
"492","ML35050","E. resinosa","inHull_All_4","FALSE",102,"no assignment"
"493","ML37126","E. resinosa","inHull_All_4","FALSE",103,"no assignment"
"494","MM2032","E. resinosa","inHull_All_4","FALSE",104,"no assignment"
"495","NA763","E. resinosa","inHull_All_4","FALSE",105,"no assignment"
"496","NR751","E. resinosa","inHull_All_4","FALSE",106,"no assignment"
"497","AJ3357","E. reticulata","inHull_All_4","FALSE",107,"no assignment"
"498","AL360","E. reticulata","inHull_All_4","FALSE",108,"no assignment"
"499","FZ299","E. reticulata","inHull_All_4","FALSE",109,"no assignment"
"500","GH2022","E. reticulata","inHull_All_4","FALSE",110,"no assignment"
"501","IV1724","E. reticulata","inHull_All_4","FALSE",111,"no assignment"
"502","IV745","E. reticulata","inHull_All_4","FALSE",112,"no assignment"
"503","JS8203","E. reticulata","inHull_All_4","FALSE",113,"no assignment"
"504","MS4032","E. reticulata","inHull_All_4","FALSE",114,"no assignment"
"505","MS4946","E. reticulata","inHull_All_4","FALSE",115,"no assignment"
"506","RB19296","E. reticulata","inHull_All_4","FALSE",116,"no assignment"
"507","SB9811","E. reticulata","inHull_All_4","FALSE",117,"no assignment"
"508","FV7657","E. schreiteri","inHull_All_4","FALSE",118,"no assignment"
"509","FZ292","E. schreiteri","inHull_All_4","FALSE",119,"no assignment"
"510","FZ312","E. schreiteri","inHull_All_4","FALSE",120,"no assignment"
"511","FZ313","E. schreiteri","inHull_All_4","FALSE",121,"no assignment"
"512","FZ314","E. schreiteri","inHull_All_4","FALSE",122,"no assignment"
"513","JS10947","E. schreiteri","inHull_All_4","FALSE",123,"no assignment"
"514","JS8624","E. schreiteri","inHull_All_4","FALSE",124,"no assignment"
"515","LN3807","E. schreiteri","inHull_All_4","FALSE",125,"no assignment"
"516","MC5281","E. schreiteri","inHull_All_4","FALSE",126,"no assignment"
"517","NL58","E. schreiteri","inHull_All_4","FALSE",127,"no assignment"
"518","SB9352","E. schreiteri","inHull_All_4","FALSE",128,"no assignment"
"519","WB6793","E. schreiteri","inHull_All_4","FALSE",129,"no assignment"
"520","WR1529","E. schreiteri","inHull_All_4","FALSE",130,"no assignment"
"521","EK17990","E. discolor","inHull_All_5","FALSE",1,"no assignment"
"522","EK18727","E. discolor","inHull_All_5","FALSE",2,"no assignment"
"523","FZ83","E. discolor","inHull_All_5","FALSE",3,"no assignment"
"524","FZ84","E. discolor","inHull_All_5","FALSE",4,"no assignment"
"525","JC13460","E. discolor","inHull_All_5","FALSE",5,"no assignment"
"526","AC13359","E. paniculata","inHull_All_5","FALSE",6,"no assignment"
"527","AG48084","E. paniculata","inHull_All_5","FALSE",7,"no assignment"
"528","AN394","E. paniculata","inHull_All_5","FALSE",8,"no assignment"
"529","AS14179","E. paniculata","inHull_All_5","FALSE",9,"no assignment"
"530","BH18666","E. paniculata","inHull_All_5","FALSE",10,"no assignment"
"531","BH6180","E. paniculata","inHull_All_5","FALSE",11,"no assignment"
"532","BR7415","E. paniculata","inHull_All_5","FALSE",12,"no assignment"
"533","CD9839","E. paniculata","inHull_All_5","FALSE",13,"no assignment"
"534","CR1019","E. paniculata","inHull_All_5","FALSE",14,"no assignment"
"535","DB56","E. paniculata","inHull_All_5","FALSE",15,"no assignment"
"536","DN14917","E. paniculata","inHull_All_5","FALSE",16,"no assignment"
"537","EK17141","E. paniculata","inHull_All_5","FALSE",17,"no assignment"
"538","EK20578","E. paniculata","inHull_All_5","FALSE",18,"no assignment"
"539","EP5779","E. paniculata","inHull_All_5","FALSE",19,"no assignment"
"540","FZ200","E. paniculata","inHull_All_5","FALSE",20,"no assignment"
"541","FZ203","E. paniculata","inHull_All_5","FALSE",21,"no assignment"
"542","FZ204","E. paniculata","inHull_All_5","FALSE",22,"no assignment"
"543","FZ245","E. paniculata","inHull_All_5","FALSE",23,"no assignment"
"544","FZ246","E. paniculata","inHull_All_5","FALSE",24,"no assignment"
"545","FZ247","E. paniculata","inHull_All_5","FALSE",25,"no assignment"
"546","FZ248","E. paniculata","inHull_All_5","FALSE",26,"no assignment"
"547","FZ254","E. paniculata","inHull_All_5","FALSE",27,"no assignment"
"548","FZ267","E. paniculata","inHull_All_5","FALSE",28,"no assignment"
"549","FZ269","E. paniculata","inHull_All_5","FALSE",29,"no assignment"
"550","FZ270","E. paniculata","inHull_All_5","FALSE",30,"no assignment"
"551","FZ271","E. paniculata","inHull_All_5","FALSE",31,"no assignment"
"552","FZ272","E. paniculata","inHull_All_5","FALSE",32,"no assignment"
"553","GC1765","E. paniculata","inHull_All_5","FALSE",33,"no assignment"
"554","GD19829","E. paniculata","inHull_All_5","FALSE",34,"no assignment"
"555","GL2651","E. paniculata","inHull_All_5","FALSE",35,"no assignment"
"556","HG12283","E. paniculata","inHull_All_5","FALSE",36,"no assignment"
"557","HS1748","E. paniculata","inHull_All_5","FALSE",37,"no assignment"
"558","Hv_8023","E. paniculata","inHull_All_5","FALSE",38,"no assignment"
"559","HV4434","E. paniculata","inHull_All_5","FALSE",39,"no assignment"
"560","Hv8197","E. paniculata","inHull_All_5","FALSE",40,"no assignment"
"561","IS4929","E. paniculata","inHull_All_5","FALSE",41,"no assignment"
"562","JC28192","E. paniculata","inHull_All_5","FALSE",42,"no assignment"
"563","JH1146","E. paniculata","inHull_All_5","FALSE",43,"no assignment"
"564","JP2912","E. paniculata","inHull_All_5","FALSE",44,"no assignment"
"565","JS10701","E. paniculata","inHull_All_5","FALSE",45,"no assignment"
"566","JS127754","E. paniculata","inHull_All_5","FALSE",46,"no assignment"
"567","JS18731","E. paniculata","inHull_All_5","FALSE",47,"no assignment"
"568","JT2968","E. paniculata","inHull_All_5","FALSE",48,"no assignment"
"569","JW11465","E. paniculata","inHull_All_5","FALSE",49,"no assignment"
"570","JW594","E. paniculata","inHull_All_5","FALSE",50,"no assignment"
"571","KV5689","E. paniculata","inHull_All_5","FALSE",51,"no assignment"
"572","KY4092","E. paniculata","inHull_All_5","FALSE",52,"no assignment"
"573","LH18441","E. paniculata","inHull_All_5","FALSE",53,"no assignment"
"574","LU4163","E. paniculata","inHull_All_5","FALSE",54,"no assignment"
"575","MC1182","E. paniculata","inHull_All_5","FALSE",55,"no assignment"
"576","MD2620","E. paniculata","inHull_All_5","FALSE",56,"no assignment"
"577","MW2000/891","E. paniculata","inHull_All_5","FALSE",57,"no assignment"
"578","PA6612","E. paniculata","inHull_All_5","FALSE",58,"no assignment"
"579","PHV6683","E. paniculata","inHull_All_5","FALSE",59,"no assignment"
"580","PJ169","E. paniculata","inHull_All_5","FALSE",60,"no assignment"
"581","RK541","E. paniculata","inHull_All_5","FALSE",61,"no assignment"
"582","RR3379","E. paniculata","inHull_All_5","FALSE",62,"no assignment"
"583","RV25391","E. paniculata","inHull_All_5","FALSE",63,"no assignment"
"584","SY359","E. paniculata","inHull_All_5","FALSE",64,"no assignment"
"585","TC21834","E. paniculata","inHull_All_5","FALSE",65,"no assignment"
"586","VZ2355","E. paniculata","inHull_All_5","FALSE",66,"no assignment"
"587","AS10370","E. piurensis","inHull_All_5","FALSE",67,"no assignment"
"588","AS3821","E. piurensis","inHull_All_5","FALSE",68,"no assignment"
"589","FZ211","E. piurensis","inHull_All_5","FALSE",69,"no assignment"
"590","FZ236","E. piurensis","inHull_All_5","FALSE",70,"no assignment"
"591","FZ239","E. piurensis","inHull_All_5","FALSE",71,"no assignment"
"592","FZ240","E. piurensis","inHull_All_5","FALSE",72,"no assignment"
"593","SL123","E. piurensis","inHull_All_5","FALSE",73,"no assignment"
"594","AG23305","E. resinosa","inHull_All_5","FALSE",74,"no assignment"
"595","CD5089","E. resinosa","inHull_All_5","FALSE",75,"no assignment"
"596","CO527","E. resinosa","inHull_All_5","FALSE",76,"no assignment"
"597","CP1050","E. resinosa","inHull_All_5","FALSE",77,"no assignment"
"598","DS10236","E. resinosa","inHull_All_5","FALSE",78,"no assignment"
"599","DS10599","E. resinosa","inHull_All_5","FALSE",79,"no assignment"
"600","DS10955","E. resinosa","inHull_All_5","FALSE",80,"no assignment"
"601","DS3356","E. resinosa","inHull_All_5","FALSE",81,"no assignment"
"602","EB572","E. resinosa","inHull_All_5","FALSE",82,"no assignment"
"603","EBB6926","E. resinosa","inHull_All_5","FALSE",83,"no assignment"
"604","FP14405","E. resinosa","inHull_All_5","FALSE",84,"no assignment"
"605","FW5273","E. resinosa","inHull_All_5","FALSE",85,"no assignment"
"606","FZ163","E. resinosa","inHull_All_5","FALSE",86,"no assignment"
"607","FZ165","E. resinosa","inHull_All_5","FALSE",87,"no assignment"
"608","FZ167","E. resinosa","inHull_All_5","FALSE",88,"no assignment"
"609","FZ174","E. resinosa","inHull_All_5","FALSE",89,"no assignment"
"610","FZ180","E. resinosa","inHull_All_5","FALSE",90,"no assignment"
"611","FZ182","E. resinosa","inHull_All_5","FALSE",91,"no assignment"
"612","FZ183","E. resinosa","inHull_All_5","FALSE",92,"no assignment"
"613","FZ191","E. resinosa","inHull_All_5","FALSE",93,"no assignment"
"614","FZ205","E. resinosa","inHull_All_5","FALSE",94,"no assignment"
"615","FZ287","E. resinosa","inHull_All_5","FALSE",95,"no assignment"
"616","FZ310","E. resinosa","inHull_All_5","FALSE",96,"no assignment"
"617","HS10647","E. resinosa","inHull_All_5","FALSE",97,"no assignment"
"618","JS15148","E. resinosa","inHull_All_5","FALSE",98,"no assignment"
"619","JS15923","E. resinosa","inHull_All_5","FALSE",99,"no assignment"
"620","JW7805","E. resinosa","inHull_All_5","FALSE",100,"no assignment"
"621","MC4122","E. resinosa","inHull_All_5","FALSE",101,"no assignment"
"622","ML35050","E. resinosa","inHull_All_5","FALSE",102,"no assignment"
"623","ML37126","E. resinosa","inHull_All_5","FALSE",103,"no assignment"
"624","MM2032","E. resinosa","inHull_All_5","FALSE",104,"no assignment"
"625","NA763","E. resinosa","inHull_All_5","FALSE",105,"no assignment"
"626","NR751","E. resinosa","inHull_All_5","FALSE",106,"no assignment"
"627","AJ3357","E. reticulata","inHull_All_5","FALSE",107,"no assignment"
"628","AL360","E. reticulata","inHull_All_5","FALSE",108,"no assignment"
"629","FZ299","E. reticulata","inHull_All_5","FALSE",109,"no assignment"
"630","GH2022","E. reticulata","inHull_All_5","FALSE",110,"no assignment"
"631","IV1724","E. reticulata","inHull_All_5","FALSE",111,"no assignment"
"632","IV745","E. reticulata","inHull_All_5","FALSE",112,"no assignment"
"633","JS8203","E. reticulata","inHull_All_5","FALSE",113,"no assignment"
"634","MS4032","E. reticulata","inHull_All_5","FALSE",114,"no assignment"
"635","MS4946","E. reticulata","inHull_All_5","FALSE",115,"no assignment"
"636","RB19296","E. reticulata","inHull_All_5","FALSE",116,"no assignment"
"637","SB9811","E. reticulata","inHull_All_5","FALSE",117,"no assignment"
"638","FV7657","E. schreiteri","inHull_All_5","FALSE",118,"no assignment"
"639","FZ292","E. schreiteri","inHull_All_5","FALSE",119,"no assignment"
"640","FZ312","E. schreiteri","inHull_All_5","FALSE",120,"no assignment"
"641","FZ313","E. schreiteri","inHull_All_5","FALSE",121,"no assignment"
"642","FZ314","E. schreiteri","inHull_All_5","FALSE",122,"no assignment"
"643","JS10947","E. schreiteri","inHull_All_5","FALSE",123,"no assignment"
"644","JS8624","E. schreiteri","inHull_All_5","FALSE",124,"no assignment"
"645","LN3807","E. schreiteri","inHull_All_5","FALSE",125,"no assignment"
"646","MC5281","E. schreiteri","inHull_All_5","FALSE",126,"no assignment"
"647","NL58","E. schreiteri","inHull_All_5","FALSE",127,"no assignment"
"648","SB9352","E. schreiteri","inHull_All_5","FALSE",128,"no assignment"
"649","WB6793","E. schreiteri","inHull_All_5","FALSE",129,"no assignment"
"650","WR1529","E. schreiteri","inHull_All_5","FALSE",130,"no assignment"
"651","EK17990","E. discolor","inHull_All_6","FALSE",1,"no assignment"
"652","EK18727","E. discolor","inHull_All_6","FALSE",2,"no assignment"
"653","FZ83","E. discolor","inHull_All_6","FALSE",3,"no assignment"
"654","FZ84","E. discolor","inHull_All_6","FALSE",4,"no assignment"
"655","JC13460","E. discolor","inHull_All_6","FALSE",5,"no assignment"
"656","AC13359","E. paniculata","inHull_All_6","FALSE",6,"no assignment"
"657","AG48084","E. paniculata","inHull_All_6","FALSE",7,"no assignment"
"658","AN394","E. paniculata","inHull_All_6","FALSE",8,"no assignment"
"659","AS14179","E. paniculata","inHull_All_6","FALSE",9,"no assignment"
"660","BH18666","E. paniculata","inHull_All_6","FALSE",10,"no assignment"
"661","BH6180","E. paniculata","inHull_All_6","FALSE",11,"no assignment"
"662","BR7415","E. paniculata","inHull_All_6","FALSE",12,"no assignment"
"663","CD9839","E. paniculata","inHull_All_6","FALSE",13,"no assignment"
"664","CR1019","E. paniculata","inHull_All_6","FALSE",14,"no assignment"
"665","DB56","E. paniculata","inHull_All_6","FALSE",15,"no assignment"
"666","DN14917","E. paniculata","inHull_All_6","FALSE",16,"no assignment"
"667","EK17141","E. paniculata","inHull_All_6","FALSE",17,"no assignment"
"668","EK20578","E. paniculata","inHull_All_6","FALSE",18,"no assignment"
"669","EP5779","E. paniculata","inHull_All_6","FALSE",19,"no assignment"
"670","FZ200","E. paniculata","inHull_All_6","FALSE",20,"no assignment"
"671","FZ203","E. paniculata","inHull_All_6","FALSE",21,"no assignment"
"672","FZ204","E. paniculata","inHull_All_6","FALSE",22,"no assignment"
"673","FZ245","E. paniculata","inHull_All_6","FALSE",23,"no assignment"
"674","FZ246","E. paniculata","inHull_All_6","FALSE",24,"no assignment"
"675","FZ247","E. paniculata","inHull_All_6","FALSE",25,"no assignment"
"676","FZ248","E. paniculata","inHull_All_6","FALSE",26,"no assignment"
"677","FZ254","E. paniculata","inHull_All_6","FALSE",27,"no assignment"
"678","FZ267","E. paniculata","inHull_All_6","FALSE",28,"no assignment"
"679","FZ269","E. paniculata","inHull_All_6","FALSE",29,"no assignment"
"680","FZ270","E. paniculata","inHull_All_6","FALSE",30,"no assignment"
"681","FZ271","E. paniculata","inHull_All_6","FALSE",31,"no assignment"
"682","FZ272","E. paniculata","inHull_All_6","FALSE",32,"no assignment"
"683","GC1765","E. paniculata","inHull_All_6","FALSE",33,"no assignment"
"684","GD19829","E. paniculata","inHull_All_6","FALSE",34,"no assignment"
"685","GL2651","E. paniculata","inHull_All_6","FALSE",35,"no assignment"
"686","HG12283","E. paniculata","inHull_All_6","FALSE",36,"no assignment"
"687","HS1748","E. paniculata","inHull_All_6","FALSE",37,"no assignment"
"688","Hv_8023","E. paniculata","inHull_All_6","FALSE",38,"no assignment"
"689","HV4434","E. paniculata","inHull_All_6","FALSE",39,"no assignment"
"690","Hv8197","E. paniculata","inHull_All_6","FALSE",40,"no assignment"
"691","IS4929","E. paniculata","inHull_All_6","FALSE",41,"no assignment"
"692","JC28192","E. paniculata","inHull_All_6","FALSE",42,"no assignment"
"693","JH1146","E. paniculata","inHull_All_6","FALSE",43,"no assignment"
"694","JP2912","E. paniculata","inHull_All_6","FALSE",44,"no assignment"
"695","JS10701","E. paniculata","inHull_All_6","FALSE",45,"no assignment"
"696","JS127754","E. paniculata","inHull_All_6","FALSE",46,"no assignment"
"697","JS18731","E. paniculata","inHull_All_6","FALSE",47,"no assignment"
"698","JT2968","E. paniculata","inHull_All_6","FALSE",48,"no assignment"
"699","JW11465","E. paniculata","inHull_All_6","FALSE",49,"no assignment"
"700","JW594","E. paniculata","inHull_All_6","FALSE",50,"no assignment"
"701","KV5689","E. paniculata","inHull_All_6","FALSE",51,"no assignment"
"702","KY4092","E. paniculata","inHull_All_6","FALSE",52,"no assignment"
"703","LH18441","E. paniculata","inHull_All_6","FALSE",53,"no assignment"
"704","LU4163","E. paniculata","inHull_All_6","FALSE",54,"no assignment"
"705","MC1182","E. paniculata","inHull_All_6","FALSE",55,"no assignment"
"706","MD2620","E. paniculata","inHull_All_6","FALSE",56,"no assignment"
"707","MW2000/891","E. paniculata","inHull_All_6","FALSE",57,"no assignment"
"708","PA6612","E. paniculata","inHull_All_6","FALSE",58,"no assignment"
"709","PHV6683","E. paniculata","inHull_All_6","FALSE",59,"no assignment"
"710","PJ169","E. paniculata","inHull_All_6","FALSE",60,"no assignment"
"711","RK541","E. paniculata","inHull_All_6","FALSE",61,"no assignment"
"712","RR3379","E. paniculata","inHull_All_6","FALSE",62,"no assignment"
"713","RV25391","E. paniculata","inHull_All_6","FALSE",63,"no assignment"
"714","SY359","E. paniculata","inHull_All_6","FALSE",64,"no assignment"
"715","TC21834","E. paniculata","inHull_All_6","FALSE",65,"no assignment"
"716","VZ2355","E. paniculata","inHull_All_6","FALSE",66,"no assignment"
"717","AS10370","E. piurensis","inHull_All_6","FALSE",67,"no assignment"
"718","AS3821","E. piurensis","inHull_All_6","FALSE",68,"no assignment"
"719","FZ211","E. piurensis","inHull_All_6","FALSE",69,"no assignment"
"720","FZ236","E. piurensis","inHull_All_6","FALSE",70,"no assignment"
"721","FZ239","E. piurensis","inHull_All_6","FALSE",71,"no assignment"
"722","FZ240","E. piurensis","inHull_All_6","FALSE",72,"no assignment"
"723","SL123","E. piurensis","inHull_All_6","FALSE",73,"no assignment"
"724","AG23305","E. resinosa","inHull_All_6","FALSE",74,"no assignment"
"725","CD5089","E. resinosa","inHull_All_6","FALSE",75,"no assignment"
"726","CO527","E. resinosa","inHull_All_6","FALSE",76,"no assignment"
"727","CP1050","E. resinosa","inHull_All_6","FALSE",77,"no assignment"
"728","DS10236","E. resinosa","inHull_All_6","FALSE",78,"no assignment"
"729","DS10599","E. resinosa","inHull_All_6","FALSE",79,"no assignment"
"730","DS10955","E. resinosa","inHull_All_6","FALSE",80,"no assignment"
"731","DS3356","E. resinosa","inHull_All_6","FALSE",81,"no assignment"
"732","EB572","E. resinosa","inHull_All_6","FALSE",82,"no assignment"
"733","EBB6926","E. resinosa","inHull_All_6","FALSE",83,"no assignment"
"734","FP14405","E. resinosa","inHull_All_6","FALSE",84,"no assignment"
"735","FW5273","E. resinosa","inHull_All_6","FALSE",85,"no assignment"
"736","FZ163","E. resinosa","inHull_All_6","FALSE",86,"no assignment"
"737","FZ165","E. resinosa","inHull_All_6","FALSE",87,"no assignment"
"738","FZ167","E. resinosa","inHull_All_6","FALSE",88,"no assignment"
"739","FZ174","E. resinosa","inHull_All_6","FALSE",89,"no assignment"
"740","FZ180","E. resinosa","inHull_All_6","FALSE",90,"no assignment"
"741","FZ182","E. resinosa","inHull_All_6","FALSE",91,"no assignment"
"742","FZ183","E. resinosa","inHull_All_6","FALSE",92,"no assignment"
"743","FZ191","E. resinosa","inHull_All_6","FALSE",93,"no assignment"
"744","FZ205","E. resinosa","inHull_All_6","FALSE",94,"no assignment"
"745","FZ287","E. resinosa","inHull_All_6","FALSE",95,"no assignment"
"746","FZ310","E. resinosa","inHull_All_6","FALSE",96,"no assignment"
"747","HS10647","E. resinosa","inHull_All_6","FALSE",97,"no assignment"
"748","JS15148","E. resinosa","inHull_All_6","FALSE",98,"no assignment"
"749","JS15923","E. resinosa","inHull_All_6","FALSE",99,"no assignment"
"750","JW7805","E. resinosa","inHull_All_6","FALSE",100,"no assignment"
"751","MC4122","E. resinosa","inHull_All_6","FALSE",101,"no assignment"
"752","ML35050","E. resinosa","inHull_All_6","FALSE",102,"no assignment"
"753","ML37126","E. resinosa","inHull_All_6","FALSE",103,"no assignment"
"754","MM2032","E. resinosa","inHull_All_6","FALSE",104,"no assignment"
"755","NA763","E. resinosa","inHull_All_6","FALSE",105,"no assignment"
"756","NR751","E. resinosa","inHull_All_6","FALSE",106,"no assignment"
"757","AJ3357","E. reticulata","inHull_All_6","FALSE",107,"no assignment"
"758","AL360","E. reticulata","inHull_All_6","FALSE",108,"no assignment"
"759","FZ299","E. reticulata","inHull_All_6","FALSE",109,"no assignment"
"760","GH2022","E. reticulata","inHull_All_6","FALSE",110,"no assignment"
"761","IV1724","E. reticulata","inHull_All_6","FALSE",111,"no assignment"
"762","IV745","E. reticulata","inHull_All_6","FALSE",112,"no assignment"
"763","JS8203","E. reticulata","inHull_All_6","FALSE",113,"no assignment"
"764","MS4032","E. reticulata","inHull_All_6","FALSE",114,"no assignment"
"765","MS4946","E. reticulata","inHull_All_6","FALSE",115,"no assignment"
"766","RB19296","E. reticulata","inHull_All_6","FALSE",116,"no assignment"
"767","SB9811","E. reticulata","inHull_All_6","FALSE",117,"no assignment"
"768","FV7657","E. schreiteri","inHull_All_6","FALSE",118,"no assignment"
"769","FZ292","E. schreiteri","inHull_All_6","FALSE",119,"no assignment"
"770","FZ312","E. schreiteri","inHull_All_6","FALSE",120,"no assignment"
"771","FZ313","E. schreiteri","inHull_All_6","FALSE",121,"no assignment"
"772","FZ314","E. schreiteri","inHull_All_6","FALSE",122,"no assignment"
"773","JS10947","E. schreiteri","inHull_All_6","FALSE",123,"no assignment"
"774","JS8624","E. schreiteri","inHull_All_6","FALSE",124,"no assignment"
"775","LN3807","E. schreiteri","inHull_All_6","FALSE",125,"no assignment"
"776","MC5281","E. schreiteri","inHull_All_6","FALSE",126,"no assignment"
"777","NL58","E. schreiteri","inHull_All_6","FALSE",127,"no assignment"
"778","SB9352","E. schreiteri","inHull_All_6","FALSE",128,"no assignment"
"779","WB6793","E. schreiteri","inHull_All_6","FALSE",129,"no assignment"
"780","WR1529","E. schreiteri","inHull_All_6","FALSE",130,"no assignment"
